Model,Accuracy,Precision,Recall,F1-Score,Training Time (s)
RBF SVM,0.6288,0.6374,0.6288,0.6297,31.875812530517578
Naive Bayes,0.6117,0.6125,0.6117,0.6096,Fast (~seconds)
Logistic Regression,0.6098,0.6221,0.6098,0.6085,0.29597973823547363
Linear SVM,0.6049,0.6161,0.6049,0.605,23.818752765655518
Random Forest,0.6057,0.6044,0.6057,0.6035,4.159005641937256
XGBoost,0.5833,0.6104,0.5833,0.58,5.17681097984314
